{
  "IsRegenerate": true,
  "MenuPosition": "main",
  "RelativeNamespace": "MasterData",
  "EntityName": "Material",
  "EntityNamePlural": "Materials",
  "TableName": "Materials",
  "PrimaryKeyType": "Guid",
  "BaseClass": "CreationAuditedEntity",
  "EntityHistory": false,
  "AutoMigration": true,
  "UpdateDatabase": true,
  "CreateUserInterface": true,
  "CreateViewOnly": true,
  "CreateExcelExport": true,
  "IsNonModalCRUDPage": true,
  "IsMasterDetailPage": false,
  "GenerateOverridableEntity": false,
  "GenerateUnitTest": false,
  "GenerateUiTest": false,
  "PagePermission": {
    "Host": true,
    "Tenant": true
  },
  "Properties": [
    {
      "Name": "MaterialNo",
      "Type": "string",
      "MaxLength": -1,
      "MinLength": -1,
      "Range": {
        "IsRangeSet": false,
        "MinimumValue": 0.0,
        "MaximumValue": 0.0
      },
      "Required": true,
      "Nullable": false,
      "Regex": "",
      "UserInterface": {
        "AdvancedFilter": true,
        "List": true,
        "CreateOrUpdate": true
      },
      "ViewType": null,
      "AdditionalData": {}
    },
    {
      "Name": "MaterialName",
      "Type": "string",
      "MaxLength": -1,
      "MinLength": -1,
      "Range": {
        "IsRangeSet": false,
        "MinimumValue": 0.0,
        "MaximumValue": 0.0
      },
      "Required": true,
      "Nullable": false,
      "Regex": "",
      "UserInterface": {
        "AdvancedFilter": true,
        "List": true,
        "CreateOrUpdate": true
      },
      "ViewType": null,
      "AdditionalData": {}
    },
    {
      "Name": "MaterialNameSAP",
      "Type": "string",
      "MaxLength": -1,
      "MinLength": -1,
      "Range": {
        "IsRangeSet": false,
        "MinimumValue": 0.0,
        "MaximumValue": 0.0
      },
      "Required": false,
      "Nullable": false,
      "Regex": "",
      "UserInterface": {
        "AdvancedFilter": true,
        "List": false,
        "CreateOrUpdate": true
      },
      "ViewType": null,
      "AdditionalData": {}
    },
    {
      "Name": "Description",
      "Type": "string",
      "MaxLength": -1,
      "MinLength": -1,
      "Range": {
        "IsRangeSet": false,
        "MinimumValue": 0.0,
        "MaximumValue": 0.0
      },
      "Required": true,
      "Nullable": false,
      "Regex": "",
      "UserInterface": {
        "AdvancedFilter": true,
        "List": true,
        "CreateOrUpdate": true
      },
      "ViewType": null,
      "AdditionalData": {}
    },
    {
      "Name": "Size",
      "Type": "string",
      "MaxLength": -1,
      "MinLength": -1,
      "Range": {
        "IsRangeSet": false,
        "MinimumValue": 0.0,
        "MaximumValue": 0.0
      },
      "Required": false,
      "Nullable": false,
      "Regex": "",
      "UserInterface": {
        "AdvancedFilter": true,
        "List": false,
        "CreateOrUpdate": true
      },
      "ViewType": null,
      "AdditionalData": {}
    },
    {
      "Name": "UoM",
      "Type": "string",
      "MaxLength": -1,
      "MinLength": -1,
      "Range": {
        "IsRangeSet": false,
        "MinimumValue": 0.0,
        "MaximumValue": 0.0
      },
      "Required": true,
      "Nullable": false,
      "Regex": "",
      "UserInterface": {
        "AdvancedFilter": true,
        "List": true,
        "CreateOrUpdate": true
      },
      "ViewType": null,
      "AdditionalData": {}
    },
    {
      "Name": "Brand",
      "Type": "string",
      "MaxLength": -1,
      "MinLength": -1,
      "Range": {
        "IsRangeSet": false,
        "MinimumValue": 0.0,
        "MaximumValue": 0.0
      },
      "Required": false,
      "Nullable": false,
      "Regex": "",
      "UserInterface": {
        "AdvancedFilter": true,
        "List": false,
        "CreateOrUpdate": true
      },
      "ViewType": null,
      "AdditionalData": {}
    },
    {
      "Name": "ImageMain",
      "Type": "file",
      "MaxLength": -1,
      "MinLength": -1,
      "Range": {
        "IsRangeSet": false,
        "MinimumValue": 0.0,
        "MaximumValue": 0.0
      },
      "Required": false,
      "Nullable": false,
      "Regex": "",
      "UserInterface": {
        "AdvancedFilter": true,
        "List": true,
        "CreateOrUpdate": true
      },
      "ViewType": null,
      "AdditionalData": {}
    }
  ],
  "NavigationProperties": [
    {
      "Namespace": "Adaro.Centralize.MasterData",
      "ForeignEntityName": "MaterialGroup",
      "ForeignEntityNamePlural": "MaterialGroups",
      "IdType": "Guid",
      "IsNullable": true,
      "PropertyName": "MaterialGroupId",
      "DuplicationNumber": 0,
      "RelationType": "single",
      "ViewType": "LookupTable",
      "DisplayPropertyNameInfos": {
        "MergeFormat": "{0} {1}",
        "DisplayPropertyNames": [
          "MaterialGroupCode",
          "MaterialGroupDescription"
        ]
      }
    },
    {
      "Namespace": "Adaro.Centralize.MasterData",
      "ForeignEntityName": "UNSPSC",
      "ForeignEntityNamePlural": "UNSPSCs",
      "IdType": "Guid",
      "IsNullable": true,
      "PropertyName": "UNSPSCId",
      "DuplicationNumber": 0,
      "RelationType": "single",
      "ViewType": "LookupTable",
      "DisplayPropertyNameInfos": {
        "MergeFormat": "{0} {1}",
        "DisplayPropertyNames": [
          "UNSPSC_Code",
          "Description"
        ]
      }
    },
    {
      "Namespace": "Adaro.Centralize.MasterData",
      "ForeignEntityName": "GeneralLedgerMapping",
      "ForeignEntityNamePlural": "GeneralLedgerMappings",
      "IdType": "Guid",
      "IsNullable": true,
      "PropertyName": "GeneralLedgerMappingId",
      "DuplicationNumber": 0,
      "RelationType": "single",
      "ViewType": "LookupTable",
      "DisplayPropertyNameInfos": {
        "MergeFormat": "{0} {1} {2} {3}",
        "DisplayPropertyNames": [
          "GLAccount",
          "GLAccountDescription",
          "ValuationClass",
          "ValuationClassDescription"
        ]
      }
    }
  ],
  "NavigationPropertyOneToManyTables": [],
  "EnumDefinitions": [],
  "DbContext": null
}