{
  "IsRegenerate": false,
  "MenuPosition": "main",
  "RelativeNamespace": "Travel",
  "EntityName": "TravelRequest",
  "EntityNamePlural": "TravelRequests",
  "TableName": "TravelRequests",
  "PrimaryKeyType": "Guid",
  "BaseClass": "Entity",
  "EntityHistory": false,
  "AutoMigration": true,
  "UpdateDatabase": true,
  "CreateUserInterface": true,
  "CreateViewOnly": true,
  "CreateExcelExport": true,
  "IsNonModalCRUDPage": true,
  "IsMasterDetailPage": false,
  "GenerateOverridableEntity": false,
  "GenerateUnitTest": false,
  "GenerateUiTest": false,
  "PagePermission": {
    "Host": true,
    "Tenant": true
  },
  "Properties": [
    {
      "Name": "RequestNo",
      "Type": "string",
      "MaxLength": -1,
      "MinLength": -1,
      "Range": {
        "IsRangeSet": false,
        "MinimumValue": 0.0,
        "MaximumValue": 0.0
      },
      "Required": true,
      "Nullable": false,
      "Regex": "",
      "UserInterface": {
        "AdvancedFilter": true,
        "List": true,
        "CreateOrUpdate": true
      },
      "ViewType": null,
      "AdditionalData": {}
    },
    {
      "Name": "TravelStatus",
      "Type": "TravelStatus",
      "MaxLength": 0,
      "MinLength": 0,
      "Range": {
        "IsRangeSet": false,
        "MinimumValue": 0.0,
        "MaximumValue": 0.0
      },
      "Required": false,
      "Nullable": false,
      "Regex": "",
      "UserInterface": {
        "AdvancedFilter": true,
        "List": true,
        "CreateOrUpdate": true
      },
      "ViewType": null,
      "AdditionalData": {}
    },
    {
      "Name": "TravelType",
      "Type": "TravelType",
      "MaxLength": 0,
      "MinLength": 0,
      "Range": {
        "IsRangeSet": false,
        "MinimumValue": 0.0,
        "MaximumValue": 0.0
      },
      "Required": false,
      "Nullable": false,
      "Regex": "",
      "UserInterface": {
        "AdvancedFilter": true,
        "List": true,
        "CreateOrUpdate": true
      },
      "ViewType": null,
      "AdditionalData": {}
    },
    {
      "Name": "RequestDate",
      "Type": "DateTime",
      "MaxLength": 0,
      "MinLength": 0,
      "Range": {
        "IsRangeSet": false,
        "MinimumValue": 0.0,
        "MaximumValue": 0.0
      },
      "Required": false,
      "Nullable": false,
      "Regex": "",
      "UserInterface": {
        "AdvancedFilter": true,
        "List": true,
        "CreateOrUpdate": true
      },
      "ViewType": null,
      "AdditionalData": {}
    },
    {
      "Name": "RequestPlanDate",
      "Type": "DateTime",
      "MaxLength": 0,
      "MinLength": 0,
      "Range": {
        "IsRangeSet": false,
        "MinimumValue": 0.0,
        "MaximumValue": 0.0
      },
      "Required": false,
      "Nullable": false,
      "Regex": "",
      "UserInterface": {
        "AdvancedFilter": true,
        "List": false,
        "CreateOrUpdate": true
      },
      "ViewType": null,
      "AdditionalData": {}
    },
    {
      "Name": "Camp",
      "Type": "string",
      "MaxLength": -1,
      "MinLength": -1,
      "Range": {
        "IsRangeSet": false,
        "MinimumValue": 0.0,
        "MaximumValue": 0.0
      },
      "Required": false,
      "Nullable": false,
      "Regex": "",
      "UserInterface": {
        "AdvancedFilter": true,
        "List": true,
        "CreateOrUpdate": true
      },
      "ViewType": null,
      "AdditionalData": {}
    },
    {
      "Name": "TransportBus",
      "Type": "string",
      "MaxLength": -1,
      "MinLength": -1,
      "Range": {
        "IsRangeSet": false,
        "MinimumValue": 0.0,
        "MaximumValue": 0.0
      },
      "Required": false,
      "Nullable": false,
      "Regex": "",
      "UserInterface": {
        "AdvancedFilter": true,
        "List": true,
        "CreateOrUpdate": true
      },
      "ViewType": null,
      "AdditionalData": {}
    },
    {
      "Name": "CreatedDate",
      "Type": "DateTime",
      "MaxLength": 0,
      "MinLength": 0,
      "Range": {
        "IsRangeSet": false,
        "MinimumValue": 0.0,
        "MaximumValue": 0.0
      },
      "Required": false,
      "Nullable": false,
      "Regex": "",
      "UserInterface": {
        "AdvancedFilter": true,
        "List": false,
        "CreateOrUpdate": true
      },
      "ViewType": null,
      "AdditionalData": {}
    }
  ],
  "NavigationProperties": [
    {
      "Namespace": "Adaro.Centralize.Authorization.Users",
      "ForeignEntityName": "User",
      "ForeignEntityNamePlural": "Users",
      "IdType": "long",
      "IsNullable": true,
      "PropertyName": "UserTravel",
      "DuplicationNumber": 0,
      "RelationType": "single",
      "ViewType": "LookupTable",
      "DisplayPropertyNameInfos": {
        "MergeFormat": "{0}",
        "DisplayPropertyNames": [
          "Name"
        ]
      }
    },
    {
      "Namespace": "Adaro.Centralize.Travel",
      "ForeignEntityName": "Airport",
      "ForeignEntityNamePlural": "Airports",
      "IdType": "Guid",
      "IsNullable": true,
      "PropertyName": "AirportFrom",
      "DuplicationNumber": 0,
      "RelationType": "single",
      "ViewType": "LookupTable",
      "DisplayPropertyNameInfos": {
        "MergeFormat": "{0} {1} {2} {3}",
        "DisplayPropertyNames": [
          "AirportName",
          "IATA",
          "City",
          "Category"
        ]
      }
    },
    {
      "Namespace": "Adaro.Centralize.Travel",
      "ForeignEntityName": "Airport",
      "ForeignEntityNamePlural": "Airports",
      "IdType": "Guid",
      "IsNullable": true,
      "PropertyName": "AirportTo",
      "DuplicationNumber": 2,
      "RelationType": "single",
      "ViewType": "LookupTable",
      "DisplayPropertyNameInfos": {
        "MergeFormat": "{0} {1} {2} {3}",
        "DisplayPropertyNames": [
          "AirportName",
          "IATA",
          "City",
          "Category"
        ]
      }
    },
    {
      "Namespace": "Adaro.Centralize.Authorization.Users",
      "ForeignEntityName": "User",
      "ForeignEntityNamePlural": "Users",
      "IdType": "long",
      "IsNullable": true,
      "PropertyName": "CreatedBy",
      "DuplicationNumber": 2,
      "RelationType": "single",
      "ViewType": "LookupTable",
      "DisplayPropertyNameInfos": {
        "MergeFormat": "{0}",
        "DisplayPropertyNames": [
          "Name"
        ]
      }
    }
  ],
  "NavigationPropertyOneToManyTables": [],
  "EnumDefinitions": [
    {
      "Name": "TravelStatus",
      "Namespace": "Adaro.Centralize.Travel",
      "EnumProperties": [
        {
          "Name": "New",
          "Value": 0
        },
        {
          "Name": "Submitted",
          "Value": 1
        },
        {
          "Name": "Booking",
          "Value": 2
        },
        {
          "Name": "Scheduled",
          "Value": 3
        },
        {
          "Name": "Completed",
          "Value": 4
        }
      ]
    },
    {
      "Name": "TravelType",
      "Namespace": "Adaro.Centralize.Travel",
      "EnumProperties": [
        {
          "Name": "OffSite",
          "Value": 0
        },
        {
          "Name": "OnSite",
          "Value": 1
        }
      ]
    }
  ],
  "DbContext": null
}