{
  "IsRegenerate": false,
  "MenuPosition": "main",
  "RelativeNamespace": "Travel",
  "EntityName": "Airport",
  "EntityNamePlural": "Airports",
  "TableName": "Airports",
  "PrimaryKeyType": "Guid",
  "BaseClass": "Entity",
  "EntityHistory": false,
  "AutoMigration": true,
  "UpdateDatabase": true,
  "CreateUserInterface": true,
  "CreateViewOnly": true,
  "CreateExcelExport": true,
  "IsNonModalCRUDPage": false,
  "IsMasterDetailPage": false,
  "GenerateOverridableEntity": false,
  "GenerateUnitTest": false,
  "GenerateUiTest": false,
  "PagePermission": {
    "Host": true,
    "Tenant": true
  },
  "Properties": [
    {
      "Name": "AirportName",
      "Type": "string",
      "MaxLength": 255,
      "MinLength": 0,
      "Range": {
        "IsRangeSet": false,
        "MinimumValue": 0.0,
        "MaximumValue": 0.0
      },
      "Required": true,
      "Nullable": true,
      "Regex": "",
      "UserInterface": {
        "AdvancedFilter": true,
        "List": true,
        "CreateOrUpdate": true
      },
      "ViewType": null,
      "AdditionalData": {}
    },
    {
      "Name": "IATA",
      "Type": "string",
      "MaxLength": 255,
      "MinLength": 0,
      "Range": {
        "IsRangeSet": false,
        "MinimumValue": 0.0,
        "MaximumValue": 0.0
      },
      "Required": true,
      "Nullable": true,
      "Regex": "",
      "UserInterface": {
        "AdvancedFilter": true,
        "List": true,
        "CreateOrUpdate": true
      },
      "ViewType": null,
      "AdditionalData": {}
    },
    {
      "Name": "City",
      "Type": "string",
      "MaxLength": 255,
      "MinLength": 0,
      "Range": {
        "IsRangeSet": false,
        "MinimumValue": 0.0,
        "MaximumValue": 0.0
      },
      "Required": false,
      "Nullable": true,
      "Regex": "",
      "UserInterface": {
        "AdvancedFilter": true,
        "List": true,
        "CreateOrUpdate": true
      },
      "ViewType": null,
      "AdditionalData": {}
    },
    {
      "Name": "Category",
      "Type": "string",
      "MaxLength": 255,
      "MinLength": 0,
      "Range": {
        "IsRangeSet": false,
        "MinimumValue": 0.0,
        "MaximumValue": 0.0
      },
      "Required": false,
      "Nullable": true,
      "Regex": "",
      "UserInterface": {
        "AdvancedFilter": true,
        "List": true,
        "CreateOrUpdate": true
      },
      "ViewType": null,
      "AdditionalData": {}
    }
  ],
  "NavigationProperties": [],
  "NavigationPropertyOneToManyTables": [],
  "EnumDefinitions": [],
  "DbContext": null
}